City_ID,City,Country,Lat,Lng,Max Temp,Humidity,Cloudiness,Wind Speed,Current Description
0,Hithadhoo,MV,-0.6,73.0833,82.02,76,100,15.1,overcast clouds
1,Hamilton,US,39.1834,-84.5333,30.2,40,1,4.16,clear sky
2,Luderitz,NA,-26.6481,15.1594,76.1,47,0,29.57,clear sky
3,Turinskaya Sloboda,RU,57.6232,64.3858,34.5,97,100,10.76,light rain
4,Chokurdakh,RU,70.6333,147.9167,-18.65,87,97,4.85,overcast clouds
5,Bandarbeyla,SO,9.4942,50.8122,76.93,78,15,13.29,few clouds
6,Port Alfred,ZA,-33.5906,26.891,75.0,89,18,3.0,few clouds
7,Viedma,AR,-40.8135,-62.9967,79.0,45,0,1.01,clear sky
8,Henties Bay,NA,-22.116,14.2845,64.99,87,16,1.99,few clouds
9,North Bend,US,43.4065,-124.2243,44.6,93,90,3.44,overcast clouds
10,Kapaa,US,22.0752,-159.319,60.01,82,40,8.05,scattered clouds
11,Da Nang,VN,16.0678,108.2208,71.6,88,75,2.17,broken clouds
12,Mataura,NZ,-46.1927,168.8643,48.85,95,2,0.56,clear sky
13,Busselton,AU,-33.65,115.3333,59.0,95,100,1.99,light rain
14,Tarakan,ID,3.3,117.6333,79.75,80,49,5.73,scattered clouds
15,Saint-Philippe,RE,-21.3585,55.7679,82.4,74,90,4.61,moderate rain
16,East London,ZA,-33.0153,27.9116,77.0,88,75,6.91,broken clouds
17,Codrington,AU,-38.2667,141.9667,58.3,79,91,15.03,overcast clouds
18,Ponta Do Sol,PT,32.6667,-17.1,60.01,60,47,1.01,scattered clouds
19,Lufkin,US,31.3382,-94.7291,50.0,93,90,8.05,overcast clouds
20,Grande Riviere Du Nord,HT,19.5833,-72.1833,82.29,58,41,3.98,scattered clouds
21,Cidreira,BR,-30.1811,-50.2056,75.94,62,56,10.4,broken clouds
22,Rikitea,PF,-23.1203,-134.9692,77.47,75,100,13.15,overcast clouds
23,Caravelas,BR,-17.7125,-39.2481,83.12,79,93,10.78,overcast clouds
24,Cherskiy,RU,68.75,161.3,-9.9,81,0,7.09,clear sky
25,Punta Arenas,CL,-53.15,-70.9167,55.4,47,20,6.91,few clouds
26,Atuona,PF,-9.8,-139.0333,80.17,77,57,22.41,broken clouds
27,Vardo,NO,70.3705,31.1107,27.14,94,98,28.03,light snow
28,Izberbash,RU,42.5696,47.8645,39.2,81,2,15.66,clear sky
29,Hobart,AU,-42.8794,147.3294,57.99,82,12,6.91,few clouds
30,Coihaique,CL,-45.5752,-72.0662,69.8,43,0,10.36,clear sky
31,Bluff,NZ,-46.6,168.3333,53.92,85,19,3.31,few clouds
32,Roebourne,AU,-20.7833,117.1333,78.53,76,11,10.22,few clouds
33,Wuwei,CN,37.9281,102.6414,28.74,72,0,3.18,clear sky
34,Hermanus,ZA,-34.4187,19.2345,71.01,87,20,1.99,few clouds
35,Brigantine,US,39.4101,-74.3646,48.2,31,20,18.41,few clouds
36,Isangel,VU,-19.55,169.2667,77.56,80,0,3.29,clear sky
37,Mar Del Plata,AR,-38.0023,-57.5575,69.8,64,75,14.97,broken clouds
38,Ushuaia,AR,-54.8,-68.3,51.8,50,20,18.41,few clouds
39,Havre-Saint-Pierre,CA,50.2334,-63.5986,32.0,93,90,13.8,snow
40,Dalnegorsk,RU,44.5604,135.5701,-1.17,84,21,5.91,few clouds
41,Talnakh,RU,69.4865,88.3972,-29.07,76,0,3.47,clear sky
42,Zhigansk,RU,66.7697,123.3711,-41.46,80,45,10.45,scattered clouds
43,Albany,US,42.6001,-73.9662,36.0,59,75,12.66,broken clouds
44,Vaini,TO,-21.2,-175.2,73.4,100,90,11.5,overcast clouds
45,Chapais,CA,49.7834,-74.8492,17.6,67,20,12.66,light snow
46,Mandalgovi,MN,45.7625,106.2708,6.76,85,72,8.16,broken clouds
47,Port Elizabeth,ZA,-33.918,25.5701,73.4,83,75,14.97,broken clouds
48,Namatanai,PG,-3.6667,152.4333,79.05,80,79,2.73,broken clouds
49,Cape Town,ZA,-33.9258,18.4232,73.4,68,20,19.57,few clouds
50,Carmen De Carupa,CO,5.3486,-73.9017,61.97,71,100,0.6,overcast clouds
51,Makakilo City,US,21.3469,-158.0858,66.2,77,90,12.66,overcast clouds
52,Sirnak,TR,37.5228,42.4594,36.82,72,0,5.7,clear sky
53,Chuy,UY,-33.6971,-53.4616,81.66,48,0,10.11,clear sky
54,Kodiak,US,57.79,-152.4072,28.4,59,1,4.61,clear sky
55,Anadyr,RU,64.75,177.4833,-7.01,77,0,8.95,clear sky
56,Sitka,US,57.0531,-135.33,35.6,87,75,12.66,light snow
57,Castro,BR,-24.7911,-50.0119,76.26,50,0,7.45,clear sky
58,Baghdad,IQ,33.3406,44.4009,57.2,94,90,9.22,overcast clouds
59,Gold Coast,AU,-28.0,153.4333,73.99,94,100,1.14,overcast clouds
60,Bambous Virieux,MU,-20.3428,57.7575,80.01,83,20,5.75,few clouds
61,Qaanaaq,GL,77.484,-69.3632,11.07,88,100,7.56,overcast clouds
62,Nemuro,JP,43.3236,145.575,27.45,96,100,9.28,overcast clouds
63,Taree,AU,-31.9,152.4667,70.0,100,90,5.75,overcast clouds
64,Georgetown,MY,5.4112,100.3354,84.2,74,20,5.75,few clouds
65,Puerto Ayora,EC,-0.7393,-90.3518,82.4,74,40,9.22,scattered clouds
66,Komsomolskiy,UZ,40.4272,71.7189,42.8,52,100,4.61,mist
67,Biograd Na Moru,HR,43.9433,15.4519,57.99,82,40,10.36,scattered clouds
68,Wewak,PG,-3.5534,143.6268,78.57,83,99,4.61,overcast clouds
69,Hilo,US,19.7297,-155.09,60.8,72,1,6.91,clear sky
70,Haines Junction,CA,60.7522,-137.5108,-27.4,68,89,0.67,overcast clouds
71,Lagoa,PT,39.05,-27.9833,59.61,90,100,20.94,overcast clouds
72,Katherine,AU,-14.4667,132.2667,77.0,88,75,5.75,light rain
73,Taoudenni,ML,22.6783,-3.9836,77.94,20,44,17.58,scattered clouds
74,Pevek,RU,69.7008,170.3133,-1.64,86,100,2.24,overcast clouds
75,Anuradhapura,LK,8.3565,80.4173,72.39,93,16,5.53,few clouds
76,Tuktoyaktuk,CA,69.4541,-133.0374,-16.6,76,90,16.11,snow
77,Aksu,CN,41.1231,80.2644,26.98,87,0,1.59,clear sky
78,New Norfolk,AU,-42.7826,147.0587,57.99,75,12,1.01,few clouds
79,Kirakira,SB,-10.4544,161.9205,79.61,81,96,5.48,overcast clouds
80,Bredasdorp,ZA,-34.5322,20.0403,75.2,60,12,17.27,few clouds
81,General Roca,AR,-39.0333,-67.5833,78.8,47,0,8.05,clear sky
82,Polson,US,47.6936,-114.1632,30.0,49,100,1.52,light snow
83,Khatanga,RU,71.9667,102.5,-36.74,77,0,5.86,clear sky
84,Pyay,MM,18.8167,95.2167,73.18,54,8,4.03,clear sky
85,Bethel,US,41.3712,-73.414,39.99,38,40,18.41,scattered clouds
86,Barrow,US,71.2906,-156.7887,-0.4,71,90,10.36,overcast clouds
87,Lata,PT,40.1629,-8.3327,57.99,82,86,7.0,overcast clouds
88,Jamestown,US,42.097,-79.2353,19.99,62,1,21.85,clear sky
89,Elizabeth City,US,36.2946,-76.2511,52.0,40,1,4.61,clear sky
90,Upernavik,GL,72.7868,-56.1549,20.59,81,100,6.51,overcast clouds
91,Nelson Bay,AU,-32.7167,152.15,70.0,100,75,5.75,broken clouds
92,Altay,CN,47.8667,88.1167,25.09,89,100,2.55,overcast clouds
93,Tukums,LV,56.9669,23.1553,17.6,79,75,6.91,light snow
94,Tezu,IN,27.9167,96.1667,61.38,31,5,3.87,clear sky
95,Lorengau,PG,-2.0226,147.2712,81.55,79,49,5.55,scattered clouds
96,Ransang,PH,8.9603,117.5828,77.95,75,99,3.33,overcast clouds
97,Grindavik,IS,63.8424,-22.4338,35.6,75,75,17.27,broken clouds
98,Mormugao,IN,15.4,73.8,80.6,61,43,6.91,scattered clouds
99,Airai,TL,-8.9266,125.4092,60.89,97,100,2.13,light rain
100,Zhanaozen,KZ,43.3,52.8,34.9,77,38,7.54,scattered clouds
101,Leningradskiy,RU,69.3833,178.4167,-13.34,79,74,6.46,broken clouds
102,Hokitika,NZ,-42.7167,170.9667,55.9,89,2,3.2,clear sky
103,Acapulco,MX,16.8634,-99.8901,82.4,65,1,4.61,clear sky
104,Tabou,CI,4.423,-7.3528,82.27,82,50,9.31,light rain
105,Poshekhonye,RU,58.4993,39.1353,-3.01,90,100,8.3,light snow
106,Sur,OM,22.5667,59.5289,64.8,60,0,7.02,clear sky
107,Taksimo,RU,56.3444,114.8794,-10.39,78,97,1.99,overcast clouds
108,Nanortalik,GL,60.1432,-45.2371,24.37,79,0,4.81,clear sky
109,Finschhafen,PG,-6.6024,147.8681,81.32,81,97,10.87,light rain
110,Acari,PE,-15.4311,-74.6158,82.54,48,99,10.76,overcast clouds
111,Zdvinsk,RU,54.7021,78.661,31.28,98,100,15.21,overcast clouds
112,Boa Vista,BR,2.8197,-60.6733,87.8,48,75,14.97,broken clouds
113,Sao Joao Da Barra,BR,-21.6403,-41.0511,77.0,73,75,13.8,broken clouds
114,Rio Grande,BR,-32.035,-52.0986,80.01,61,20,5.75,few clouds
115,Bengkulu,ID,-3.8004,102.2655,76.48,82,82,5.48,broken clouds
116,Nabire,ID,-3.3667,135.4833,75.61,85,100,4.07,overcast clouds
117,Coquimbo,CL,-29.9533,-71.3436,64.4,72,90,6.91,overcast clouds
118,Gillette,US,44.2911,-105.5022,3.2,78,90,8.05,light snow
119,Corleone,IT,37.8134,13.3017,73.4,27,0,11.5,clear sky
120,Mahebourg,MU,-20.4081,57.7,78.8,83,20,5.75,few clouds
121,Varca,IN,15.2167,73.9167,80.6,61,67,6.91,broken clouds
122,Huarmey,PE,-10.0681,-78.1522,75.9,64,86,9.71,overcast clouds
123,Ha Tinh,VN,18.3333,105.9,63.93,93,24,1.86,few clouds
124,Astaneh-Ye Ashrafiyeh,IR,37.2596,49.9444,51.8,93,90,4.38,overcast clouds
125,Antofagasta,CL,-23.65,-70.4,73.99,60,0,13.8,clear sky
126,Mandello Del Lario,IT,45.9192,9.3193,46.99,99,100,1.86,overcast clouds
127,Dikson,RU,73.5069,80.5464,-29.22,86,43,9.75,scattered clouds
128,Hailar,CN,49.2,119.7,-12.71,85,1,4.34,clear sky
129,Varhaug,NO,58.6147,5.6457,21.2,53,0,9.22,clear sky
130,Gushi,CN,34.6425,109.5843,48.67,41,100,1.1,overcast clouds
131,Souillac,MU,-20.5167,57.5167,78.8,83,20,5.75,few clouds
132,Mangawan,IN,24.6833,81.55,56.28,48,0,6.13,clear sky
133,Yagodnoye,RU,62.55,149.6667,-25.96,83,90,0.72,overcast clouds
134,Kupang,ID,-10.1667,123.5833,79.43,83,95,7.85,overcast clouds
135,Ketchikan,US,55.3422,-131.6461,35.6,100,90,3.44,light rain
136,Petropavlovsk-Kamchatskiy,RU,53.0452,158.6483,23.0,63,100,22.37,light snow
137,Tuatapere,NZ,-46.1333,167.6833,51.58,86,1,3.74,clear sky
138,Ancud,CL,-41.8697,-73.8203,77.0,44,0,8.05,clear sky
139,Iqaluit,CA,63.7506,-68.5145,23.0,86,75,19.57,broken clouds
140,Yellowknife,CA,62.456,-114.3525,-41.01,65,1,4.34,fog
141,Mangrol,IN,21.1167,70.1167,70.47,48,0,6.29,clear sky
142,Imbituba,BR,-28.24,-48.6703,82.4,44,0,13.8,clear sky
143,Linqiong,CN,30.4159,103.4609,48.2,81,0,2.39,clear sky
144,Kavieng,PG,-2.5744,150.7967,81.82,71,96,2.51,overcast clouds
145,Avarua,CK,-21.2078,-159.775,75.2,94,20,2.3,few clouds
146,Victoria,HK,22.2855,114.1577,66.99,68,0,3.98,clear sky
147,Nikolskoye,RU,59.7035,30.7861,10.99,79,75,13.42,snow
148,Rawson,AR,-43.3002,-65.1023,66.87,50,25,17.9,scattered clouds
149,Arraial Do Cabo,BR,-22.9661,-42.0278,77.0,73,75,2.3,broken clouds
150,Kyabram,AU,-36.3167,145.05,61.0,69,6,7.78,clear sky
151,Matara,LK,5.9485,80.5353,76.59,87,93,9.91,light rain
152,Andapa,MG,-14.65,49.65,70.93,91,68,1.07,broken clouds
153,Nome,US,64.5011,-165.4064,15.8,79,90,2.77,overcast clouds
154,Sao Filipe,CV,14.8961,-24.4956,71.28,70,8,16.2,clear sky
155,Hualmay,PE,-11.0964,-77.6139,74.79,67,93,8.97,overcast clouds
156,Aripuana,BR,-9.1667,-60.6333,78.69,95,93,1.66,overcast clouds
157,Stromness,GB,58.965,-3.296,35.6,69,75,28.77,broken clouds
158,Torbay,CA,47.6666,-52.7314,37.99,80,90,5.75,overcast clouds
159,Lebu,CL,-37.6167,-73.65,62.8,77,87,6.15,overcast clouds
160,Kazerun,IR,29.6195,51.6541,59.11,60,21,2.3,few clouds
161,Bonthe,SL,7.5264,-12.505,83.68,61,62,13.04,broken clouds
162,Zaysan,KZ,47.4667,84.8667,18.79,91,56,2.57,broken clouds
163,Saint-Michel-Des-Saints,CA,46.6834,-73.9159,18.43,92,80,10.63,broken clouds
164,Kpandae,GH,8.4689,-0.0113,101.66,14,15,4.68,few clouds
165,Ponta Delgada,PT,37.7333,-25.6667,59.0,88,40,17.27,scattered clouds
166,Muros,ES,42.7762,-9.0603,52.0,62,9,8.99,clear sky
167,Grottammare,IT,42.9888,13.8649,51.01,87,98,3.74,overcast clouds
168,Monrovia,LR,6.3005,-10.7969,80.6,78,75,3.44,broken clouds
169,Litovko,RU,49.2361,135.1742,-11.54,88,12,1.48,few clouds
170,Karachev,RU,53.1229,34.9852,0.46,93,99,8.97,overcast clouds
171,Kaitangata,NZ,-46.2817,169.8464,50.04,93,3,2.93,clear sky
172,Quesnel,CA,52.9999,-122.5029,21.2,86,90,13.8,light snow
173,Dauphin,CA,51.1494,-100.0502,-22.0,63,1,14.97,light snow
174,Santa Isabel Do Rio Negro,BR,-0.4139,-65.0192,86.86,65,99,2.24,overcast clouds
175,Inhambane,MZ,-23.865,35.3833,86.0,70,40,9.22,scattered clouds
176,Yerbogachen,RU,61.2767,108.0108,-11.97,90,89,3.2,overcast clouds
177,Selenginsk,RU,52.0064,106.8647,-9.4,84,47,2.24,scattered clouds
178,Altamira,BR,-3.2033,-52.2064,89.6,62,40,8.05,scattered clouds
179,Hasaki,JP,35.7333,140.8333,41.0,81,20,8.05,few clouds
180,Lompoc,US,34.6391,-120.4579,55.0,76,1,5.75,clear sky
181,Ruteng,ID,-8.6136,120.4721,63.21,99,95,1.41,overcast clouds
182,Upata,VE,8.0086,-62.3989,87.44,41,100,6.64,overcast clouds
183,Laguna,US,38.421,-121.4238,46.99,87,1,2.3,clear sky
184,Cap-Aux-Meules,CA,47.3821,-61.8597,37.4,100,100,20.71,overcast clouds
185,Longyearbyen,SJ,78.2186,15.6401,23.0,74,75,5.75,broken clouds
186,Itarema,BR,-2.9248,-39.9167,87.78,55,61,15.7,broken clouds
187,Gat,IL,31.61,34.7642,63.0,100,17,3.36,few clouds
188,Vale Da Amoreira,PT,39.0697,-7.6985,48.99,90,95,1.99,overcast clouds
189,San Javier,ES,37.8063,-0.8374,63.0,63,0,16.11,clear sky
190,Paita,PE,-5.0892,-81.1144,78.98,60,53,9.1,broken clouds
191,Takoradi,GH,4.8845,-1.7554,83.07,78,38,10.78,scattered clouds
192,Saint-Georges,GD,12.0564,-61.7485,86.0,51,20,24.16,few clouds
193,Owo,NG,7.1962,5.5868,95.94,16,14,4.74,few clouds
194,Fortuna,US,40.5982,-124.1573,46.0,100,90,3.11,overcast clouds
195,Kuandian,CN,40.7286,124.7847,19.6,95,75,5.48,broken clouds
196,Carballo,ES,43.213,-8.691,46.99,78,14,1.99,few clouds
197,Butaritari,KI,3.0707,172.7902,80.87,81,93,21.94,light rain
198,Vilyuysk,RU,63.7553,121.6247,-35.64,82,6,4.5,clear sky
199,Shaunavon,CA,49.6501,-108.4181,-16.6,76,94,3.44,overcast clouds
200,Vila Franca Do Campo,PT,37.7167,-25.4333,59.0,88,40,17.27,scattered clouds
201,Cooma,AU,-36.2333,149.1333,57.2,67,0,8.05,clear sky
202,Oktyabrskoye,RU,43.0645,44.7417,37.4,60,97,13.42,overcast clouds
203,Tiksi,RU,71.6872,128.8694,-25.64,85,100,6.67,overcast clouds
204,Volksrust,ZA,-27.3654,29.8818,63.45,83,100,3.18,light rain
205,La Ronge,CA,55.1001,-105.2842,-29.2,68,2,5.75,clear sky
206,Atar,MR,20.5169,-13.0499,74.91,20,26,18.01,scattered clouds
207,Weinan,CN,34.5036,109.5089,46.0,39,100,2.24,overcast clouds
208,Geraldton,AU,-28.7667,114.6,69.8,94,90,21.85,overcast clouds
209,Emporia,US,38.4039,-96.1817,26.6,59,90,13.8,overcast clouds
210,Ribeira Grande,PT,38.5167,-28.7,60.8,88,75,24.16,broken clouds
211,Soe,ID,-9.8607,124.284,66.42,100,93,3.56,overcast clouds
212,Sangueya,GN,10.7,-14.3667,100.89,11,23,8.14,few clouds
213,Lavrentiya,RU,65.5833,-171.0,-4.02,82,81,6.15,broken clouds
214,Marawi,PH,7.9986,124.2928,75.0,91,99,5.01,overcast clouds
215,Lashio,MM,22.9333,97.75,59.83,62,58,1.92,broken clouds
216,Severo-Kurilsk,RU,50.6789,156.125,20.12,94,100,16.04,light snow
217,Provideniya,RU,64.3833,-173.3,2.08,92,71,4.09,broken clouds
218,Kemijarvi,FI,66.7131,27.4306,15.33,95,60,9.35,broken clouds
219,Bud,US,39.447,-86.1758,23.0,53,1,4.56,clear sky
220,Maniitsoq,GL,65.4167,-52.9,24.93,78,0,11.88,clear sky
221,Kieta,PG,-6.2167,155.6333,80.01,79,92,7.83,overcast clouds
222,Guerrero Negro,MX,27.9769,-114.0611,63.12,64,0,6.51,clear sky
223,Kon Tum,VN,14.35,108.0,61.05,92,19,2.44,few clouds
224,Zharkovskiy,RU,55.849,32.2697,3.9,93,100,7.54,overcast clouds
225,Kuching,MY,1.55,110.3333,75.2,100,40,1.14,moderate rain
226,Den Helder,NL,52.9599,4.7593,34.0,80,90,27.63,overcast clouds
227,Caxito,AO,-8.5785,13.6643,82.4,74,20,11.5,few clouds
228,Kirundo,BI,-2.5833,30.1667,64.0,100,75,9.22,moderate rain
229,Rosario,AR,-32.9468,-60.6393,88.0,39,0,3.44,clear sky
230,Buin,CL,-33.7333,-70.75,68.0,68,0,5.75,haze
231,Puerto El Triunfo,SV,13.2833,-88.55,89.6,61,0,6.91,clear sky
232,Harrison,US,30.4091,-89.0436,51.8,87,90,12.66,overcast clouds
233,Maslovka,RU,51.5535,39.2357,10.4,72,0,11.18,clear sky
234,Saldanha,ZA,-33.0117,17.9442,75.2,64,20,18.41,few clouds
235,Teeli,RU,51.0333,90.2333,4.89,89,0,0.49,clear sky
236,Waingapu,ID,-9.6567,120.2641,78.17,80,100,6.2,overcast clouds
237,Williams Lake,CA,52.1415,-122.1445,28.0,93,90,12.66,light snow
238,Kokstad,ZA,-30.5472,29.4241,62.01,87,91,3.87,overcast clouds
239,Ngozi,BI,-2.9075,29.8306,60.93,90,89,1.79,overcast clouds
240,Ilulissat,GL,69.2167,-51.1,19.4,38,40,21.85,snow
241,Buraydah,SA,26.326,43.975,53.6,100,75,5.75,broken clouds
242,Ust-Maya,RU,60.4167,134.5333,-26.45,85,100,1.36,overcast clouds
243,Tasiilaq,GL,65.6145,-37.6368,32.0,100,75,42.57,snow
244,Baykit,RU,61.67,96.37,5.4,91,100,4.16,light snow
245,Pacific Grove,US,36.6177,-121.9166,54.0,81,1,8.52,clear sky
246,Abu Samrah,SY,35.3029,37.1841,55.81,64,0,7.74,clear sky
247,Katsuura,JP,35.1333,140.3,48.0,87,20,11.5,few clouds
248,Port Hardy,CA,50.6996,-127.4199,44.6,93,90,11.5,light rain
249,Bantry,IE,51.6833,-9.45,42.8,81,75,9.22,broken clouds
250,Severinia,BR,-20.8094,-48.8028,82.4,39,40,12.66,scattered clouds
251,Tucupita,VE,9.0622,-62.051,87.19,55,100,6.08,overcast clouds
252,Mantua,IT,45.1667,10.7833,50.0,91,100,1.01,overcast clouds
253,Eucaliptus,BO,-17.5833,-67.5167,59.9,41,85,3.69,overcast clouds
254,Rocha,UY,-34.4833,-54.3333,84.7,39,0,13.91,clear sky
255,Blenheim,NZ,-41.516,173.9528,52.0,92,99,4.18,overcast clouds
256,Clyde River,CA,70.4692,-68.5914,-14.8,84,40,2.3,scattered clouds
257,Nioro,GM,13.35,-15.75,86.49,18,100,11.18,overcast clouds
258,Bambanglipuro,ID,-7.95,110.2833,77.72,85,100,3.13,overcast clouds
259,Bara,NG,10.3744,10.7288,89.6,14,78,11.5,broken clouds
260,Saskylakh,RU,71.9167,114.0833,-36.08,81,76,5.03,broken clouds
261,Barra,BR,-11.0894,-43.1417,84.7,62,74,6.31,broken clouds
262,Namibe,AO,-15.1961,12.1522,74.3,74,28,11.21,scattered clouds
263,Los Llanos De Aridane,ES,28.6585,-17.9182,66.2,59,20,20.71,few clouds
264,Moanda,GA,-1.5575,13.2178,84.2,74,20,4.61,moderate rain
265,Hobyo,SO,5.3505,48.5268,77.99,72,2,12.86,clear sky
266,Westport,US,41.1415,-73.3579,42.8,52,1,16.11,clear sky
267,Dawlatabad,AF,36.4141,64.9053,54.91,41,54,7.99,broken clouds
268,San Felipe,VE,10.3399,-68.7425,82.72,57,73,8.57,broken clouds
269,Pinkafeld,AT,47.3667,16.1167,39.0,91,100,1.97,overcast clouds
270,Faanui,PF,-16.4833,-151.75,81.48,69,0,10.04,clear sky
271,Alofi,NU,-19.0595,-169.9187,77.0,88,100,6.91,overcast clouds
272,Cartagena,CO,10.3997,-75.5144,87.8,70,40,8.05,scattered clouds
273,Aklavik,CA,68.2191,-135.0107,-27.4,68,20,2.3,few clouds
274,Kaeo,NZ,-35.1,173.7833,60.01,91,93,3.0,overcast clouds
275,Gashua,NG,12.871,11.0482,80.37,16,61,11.61,broken clouds
276,Sisimiut,GL,66.9395,-53.6735,20.21,76,0,14.99,clear sky
277,Srednekolymsk,RU,67.45,153.6833,-21.17,84,6,2.77,clear sky
278,Esperance,AU,-33.8667,121.9,59.0,88,90,11.5,overcast clouds
279,Coahuayana,MX,18.7333,-103.6833,71.6,73,1,2.89,clear sky
280,Carnarvon,AU,-24.8667,113.6333,80.6,100,75,10.36,broken clouds
281,Mulchen,CL,-37.7167,-72.2333,66.2,68,90,4.61,overcast clouds
282,Fort Nelson,CA,58.8053,-122.7002,-36.4,67,20,2.3,few clouds
283,Raga,SS,8.4596,25.678,72.88,20,98,5.1,overcast clouds
284,Kuvshinovo,RU,57.0295,34.1725,-0.85,91,100,9.15,overcast clouds
285,Gondanglegi,ID,-7.7479,112.0132,74.97,90,99,5.35,overcast clouds
286,Saint-Leu,RE,-21.15,55.2833,80.01,62,27,2.55,scattered clouds
287,Svendborg,DK,55.0598,10.6068,28.99,74,90,21.85,overcast clouds
288,Zhezkazgan,KZ,47.8043,67.7144,34.32,92,100,25.66,overcast clouds
289,Northam,GB,51.0333,-4.2167,42.01,93,84,1.99,moderate rain
290,Nouadhibou,MR,20.931,-17.0347,71.6,49,0,19.57,clear sky
291,Mecca,SA,21.4267,39.8261,69.53,48,49,11.99,scattered clouds
292,Punta Alta,AR,-38.8759,-62.0736,79.29,50,9,17.85,clear sky
293,Oktyabrskiy,RU,54.4815,53.471,-0.27,90,100,12.97,overcast clouds
294,Ucluelet,CA,48.9329,-125.5528,46.0,100,90,17.27,mist
295,Quatre Cocos,MU,-20.2078,57.7625,80.01,83,20,5.75,few clouds
296,Oranjemund,NA,-28.55,16.4333,67.35,81,0,18.99,clear sky
297,Conde,BR,-7.2597,-34.9075,89.6,58,40,10.36,scattered clouds
298,Ostersund,SE,63.1792,14.6357,14.0,92,90,10.36,overcast clouds
299,Jerantut,MY,3.936,102.3626,72.54,88,88,0.27,overcast clouds
300,Vanimo,PG,-2.6741,141.3028,77.07,85,99,4.29,moderate rain
301,Krasnoselkup,RU,65.7,82.4667,1.15,93,100,13.65,light snow
302,Dalvik,IS,65.9702,-18.5286,32.0,64,20,9.22,few clouds
303,Husavik,IS,66.0449,-17.3389,32.0,64,20,9.22,few clouds
304,Ereymentau,KZ,51.6199,73.1033,29.05,92,100,17.87,overcast clouds
305,Weston,US,26.1004,-80.3998,84.2,51,40,12.66,scattered clouds
306,Lichtenfels,DE,50.1457,11.0593,37.99,84,100,1.99,overcast clouds
307,Bubaque,GW,11.2833,-15.8333,79.63,59,23,16.37,few clouds
308,Sussex,US,41.1834,-74.6663,41.0,33,75,11.5,broken clouds
309,Porto Novo,BJ,6.4965,2.6036,89.6,70,40,12.66,scattered clouds
310,Achutupo,PA,9.2,-77.9833,83.86,72,100,8.43,overcast clouds
311,Ocean City,US,39.2776,-74.5746,48.2,31,20,18.41,few clouds
312,Chara,RU,56.9064,118.2631,-15.57,71,77,0.92,broken clouds
313,Yar-Sale,RU,66.8333,70.8333,-30.8,84,100,13.56,overcast clouds
314,Sangar,RU,63.9242,127.4739,-42.25,77,67,4.0,broken clouds
315,Awbari,LY,26.5921,12.7805,72.19,20,72,13.31,broken clouds
316,Qasigiannguit,GL,68.8193,-51.1922,19.4,38,40,21.85,snow
317,Guanica,PR,17.9716,-66.908,84.99,50,15,7.0,few clouds
318,Conakry,GN,9.538,-13.6773,86.0,70,75,13.8,haze
319,Faya,SA,18.3851,42.4509,55.4,82,40,4.61,scattered clouds
320,Kathmandu,NP,27.7167,85.3167,41.0,93,40,3.44,scattered clouds
321,Korla,CN,41.7597,86.1469,29.01,84,63,2.62,broken clouds
322,Rennes,FR,48.1667,-1.6667,46.99,71,0,10.36,clear sky
323,Pangnirtung,CA,66.1451,-65.7125,15.8,79,75,8.05,broken clouds
324,Camacha,PT,33.0833,-16.3333,60.8,59,40,19.57,scattered clouds
325,Sivaki,RU,52.6333,126.75,-19.77,85,0,5.66,clear sky
326,Nizhnevartovsk,RU,60.9344,76.5531,32.0,93,90,11.18,overcast clouds
327,Touros,BR,-5.1989,-35.4608,87.8,51,40,12.66,scattered clouds
328,Qixia,CN,37.2975,120.8256,41.0,50,82,9.4,broken clouds
329,Kavaratti,IN,10.5669,72.642,81.21,66,0,10.0,clear sky
330,Sabang,ID,5.8933,95.3214,81.77,80,11,12.3,moderate rain
331,Dunedin,NZ,-45.8742,170.5036,57.99,87,4,1.99,clear sky
332,Cayenne,GF,4.9333,-52.3333,78.8,94,75,5.75,broken clouds
333,Thompson,CA,55.7435,-97.8558,-34.6,67,75,9.22,snow
334,Te Anau,NZ,-45.4167,167.7167,52.21,85,26,1.01,scattered clouds
335,Ust-Ilimsk,RU,58.0006,102.6619,7.09,94,100,5.93,overcast clouds
336,Karratha,AU,-20.7377,116.8463,78.58,76,16,11.12,few clouds
337,Celestun,MX,20.8667,-90.4,79.57,65,30,7.99,scattered clouds
338,Holland,US,42.7875,-86.1089,21.0,67,90,20.71,light snow
339,Pierre,US,44.3683,-100.351,-0.4,60,40,19.57,scattered clouds
340,Mehamn,NO,71.0357,27.8492,25.72,94,100,19.71,light snow
341,Saint George,US,37.1041,-113.5841,48.99,48,1,6.91,clear sky
342,Bima,ID,-8.4667,118.7167,76.46,86,69,1.88,broken clouds
343,Rafai,CF,4.95,23.9167,81.32,19,59,3.02,broken clouds
344,Majene,ID,-3.5403,118.9707,78.4,84,100,2.21,overcast clouds
345,Kundiawa,PG,-6.0167,144.9667,63.34,79,100,1.99,moderate rain
346,Primorsko-Akhtarsk,RU,46.0497,38.1747,28.29,94,100,2.86,overcast clouds
347,Saint-Francois,FR,46.4154,3.9054,48.99,93,0,4.61,clear sky
348,Pitimbu,BR,-7.4706,-34.8086,89.6,58,40,10.36,scattered clouds
349,Lasa,IT,46.6166,10.7002,42.01,93,20,10.36,few clouds
350,Starodub,RU,52.5844,32.7633,0.75,93,85,9.89,overcast clouds
351,Daru,PG,-9.0763,143.2092,79.9,80,97,11.74,overcast clouds
352,Adrar,MR,20.5022,-10.0711,70.57,23,43,14.97,scattered clouds
353,Kralendijk,BQ,12.15,-68.2667,84.2,61,75,19.57,broken clouds
354,San Patricio,US,28.017,-97.5169,64.4,82,90,8.05,overcast clouds
355,Pafos,CY,34.7667,32.4167,62.6,77,75,4.61,broken clouds
356,Salinopolis,BR,-0.6136,-47.3561,84.65,71,29,11.81,scattered clouds
357,Balkanabat,TM,39.5108,54.3671,50.49,69,97,1.01,overcast clouds
358,Kargasok,RU,59.0556,80.8572,33.84,97,100,12.15,overcast clouds
359,Bathsheba,BB,13.2167,-59.5167,84.2,58,20,19.57,few clouds
360,Lillooet,CA,50.6856,-121.942,37.4,75,90,4.61,overcast clouds
361,Tura,IN,25.5198,90.2201,57.72,70,35,3.69,scattered clouds
362,Lebanon,US,36.2081,-86.2911,45.0,57,1,4.74,clear sky
363,Goldsboro,US,35.3849,-77.9928,51.8,28,75,6.02,broken clouds
364,Kayerkan,RU,69.3497,87.7602,-28.35,78,0,5.5,clear sky
365,Kelso,US,46.1468,-122.9084,42.01,93,90,10.36,mist
366,Yulara,AU,-25.2406,130.9889,78.8,31,18,8.05,few clouds
367,Safonovo,RU,55.15,33.2167,2.26,93,100,8.37,overcast clouds
368,Leh,IN,34.1667,77.5833,7.21,54,3,2.42,clear sky
369,Huntington,US,38.4193,-82.4452,43.0,56,1,4.45,clear sky
370,Khuzhir,RU,53.1939,107.3397,9.21,89,97,5.66,overcast clouds
371,Kudahuvadhoo,MV,2.6708,72.8944,81.73,75,67,13.51,broken clouds
372,Mana,GF,5.6592,-53.7767,80.58,81,78,14.92,broken clouds
373,Hofn,IS,64.2539,-15.2082,35.44,84,100,18.16,overcast clouds
374,Marsa Matruh,EG,31.3525,27.2453,60.8,82,0,5.75,clear sky
375,Roald,NO,62.5833,6.1333,21.0,68,0,1.14,clear sky
376,Hulan,CN,45.9833,126.6,-13.0,84,0,2.24,mist
377,College,US,64.8569,-147.8028,-9.4,70,90,1.01,mist
378,Kyabe,TD,9.4515,18.9449,85.51,13,22,4.52,few clouds
379,Hambantota,LK,6.1241,81.1185,78.08,83,86,18.9,overcast clouds
380,Vangaindrano,MG,-23.35,47.6,80.29,84,100,8.75,moderate rain
381,Ariquemes,BR,-9.9133,-63.0408,79.25,85,98,2.35,overcast clouds
382,Rovinj,HR,45.08,13.64,55.4,88,90,4.61,overcast clouds
383,Launceston,AU,-41.45,147.1667,57.0,94,40,11.5,scattered clouds
384,Shimoda,JP,34.6667,138.95,51.03,59,0,14.27,clear sky
385,Pinega,RU,64.7001,43.3936,-4.86,91,99,9.01,overcast clouds
386,Khonsa,IN,27.0167,95.5667,52.12,87,33,4.25,scattered clouds
387,Chiredzi,ZW,-21.05,31.6667,79.21,74,76,6.89,broken clouds
388,Mariinsk,RU,56.2139,87.7472,29.21,97,98,9.17,overcast clouds
389,Klaksvik,FO,62.2266,-6.589,35.6,64,40,20.71,scattered clouds
390,Pavullo Nel Frignano,IT,44.3315,10.835,46.99,56,71,29.93,broken clouds
391,Tibiri,NE,13.5627,7.0485,84.2,14,54,11.5,dust
392,San Cristobal,VE,7.7669,-72.225,72.61,77,100,5.1,overcast clouds
393,Buluang,PH,13.3068,123.3425,73.87,92,40,3.8,scattered clouds
394,Buala,SB,-8.145,159.5921,80.4,81,98,11.74,light rain
395,The Valley,AI,18.217,-63.0578,77.0,94,20,8.05,few clouds
396,Tazovskiy,RU,67.4667,78.7,-25.04,86,73,10.51,broken clouds
397,Mayo,US,38.8876,-76.5119,50.0,32,20,12.66,few clouds
398,Raudeberg,NO,61.9875,5.1352,24.01,58,0,8.05,clear sky
399,Lakatoro,VU,-16.0999,167.4164,78.57,77,8,4.12,clear sky
400,Bilibino,RU,68.0546,166.4372,-9.09,83,0,2.8,clear sky
401,Sainte-Rose,GP,16.3324,-61.6979,80.6,65,90,11.5,overcast clouds
402,Singleton,AU,-32.5667,151.1833,70.0,99,13,2.66,few clouds
403,Siyabuswa,ZA,-25.1132,29.0445,67.44,86,100,3.98,light rain
404,Lesosibirsk,RU,58.2358,92.4828,16.32,96,100,5.01,light snow
405,Capreol,CA,46.706,-80.9225,15.01,57,75,16.11,snow
406,Ossora,RU,59.2353,163.0719,16.74,93,100,22.44,overcast clouds
407,Poum,NC,-20.2333,164.0167,79.84,67,13,2.84,few clouds
408,Uarini,BR,-2.99,-65.1083,84.2,84,75,6.91,broken clouds
409,Zemio,CF,5.0314,25.1361,79.92,19,93,3.06,overcast clouds
410,Agua Verde,MX,22.9,-106.05,71.6,73,40,5.75,scattered clouds
411,Norman Wells,CA,65.282,-126.8329,-34.6,67,40,4.61,scattered clouds
412,Amuntai,ID,-2.4177,115.2494,75.16,96,100,0.22,overcast clouds
413,Shimanovsk,RU,52.0,127.7,-18.65,87,0,5.21,clear sky
414,Narsaq,GL,60.9167,-46.05,33.8,25,1,24.16,clear sky
415,Hirara,JP,24.8,125.2833,70.02,65,0,7.29,clear sky
416,Ribeira Brava,PT,32.65,-17.0667,60.01,72,43,4.0,scattered clouds
417,Marzuq,YE,14.4,46.4667,60.89,74,0,6.64,clear sky
418,Moose Factory,CA,51.2585,-80.6094,3.2,66,90,16.11,light snow
419,Yebaishou,CN,41.3975,119.6408,15.06,91,69,5.17,broken clouds
420,Shizunai,JP,42.3339,142.3669,30.09,91,38,9.19,scattered clouds
421,Vaitape,PF,-16.5167,-151.75,81.48,69,0,10.13,clear sky
422,Oron,NG,4.8256,8.2343,86.25,65,29,11.41,scattered clouds
423,Walvis Bay,NA,-22.9575,14.5053,71.6,64,19,4.61,few clouds
424,Labuhan,ID,-6.8844,112.2051,78.64,85,74,11.41,broken clouds
425,Santa Rosa,PH,14.3122,121.1114,78.01,88,20,2.3,few clouds
426,Djenne,ML,13.9061,-4.5533,100.4,9,59,1.03,broken clouds
427,Chernyshevskiy,RU,63.0128,112.4714,-32.15,86,0,1.32,clear sky
428,Masallatah,LY,32.6167,14.0,70.83,25,69,14.18,broken clouds
429,Beringovskiy,RU,63.05,179.3167,-9.11,88,1,7.0,clear sky
430,Udachnyy,RU,66.4167,112.4,-36.09,79,0,4.21,clear sky
431,Wad Madani,SD,14.4012,33.5199,70.32,22,5,11.23,clear sky
432,Kidal,ML,18.4411,1.4078,86.99,12,65,12.21,broken clouds
433,Chubbuck,US,42.9208,-112.4661,35.6,64,75,25.32,broken clouds
434,Robertson,US,36.5167,-86.8667,44.01,56,20,5.75,few clouds
435,Hare Bay,CA,48.8499,-54.0148,32.0,86,100,5.75,overcast clouds
436,Kloulklubed,PW,7.0419,134.2556,78.8,94,75,8.05,light rain
437,Sainte-Suzanne,RE,-20.9061,55.6089,78.8,78,40,9.22,moderate rain
438,Scarborough,GB,54.2797,-0.4044,37.99,91,100,10.0,overcast clouds
439,Nacala,MZ,-14.5428,40.6728,79.75,81,83,4.54,light rain
440,Salalah,OM,17.0151,54.0924,75.2,69,40,9.22,scattered clouds
441,Saint-Augustin,CA,51.226,-58.6502,32.43,97,100,17.31,light snow
442,Ahipara,NZ,-35.1667,173.1667,58.5,87,84,4.05,broken clouds
443,Villa Carlos Paz,AR,-31.4241,-64.4978,88.0,49,0,8.99,clear sky
444,Mount Gambier,AU,-37.8333,140.7667,57.2,88,90,8.05,overcast clouds
445,Grand Gaube,MU,-20.0064,57.6608,80.01,77,39,3.0,scattered clouds
446,Labuan,MY,5.2767,115.2417,80.6,89,20,2.3,few clouds
447,Adeje,ES,28.1227,-16.726,66.99,55,40,10.36,scattered clouds
448,Vila Velha,BR,-20.3297,-40.2925,87.8,62,20,12.66,few clouds
449,Alice Springs,AU,-23.7,133.8833,75.2,33,42,5.75,scattered clouds
450,Chaoyang,CN,41.5703,120.4586,19.96,79,83,5.66,broken clouds
451,Cabo San Lucas,MX,22.8909,-109.9124,73.0,72,1,3.44,clear sky
452,Greensboro,US,36.0726,-79.792,50.0,27,75,4.61,broken clouds
453,Gornyak,RU,50.9942,81.4661,29.12,94,0,15.97,clear sky
454,Port-Gentil,GA,-0.7193,8.7815,84.2,79,40,10.36,scattered clouds
455,Balabac,PH,7.9868,117.0645,80.1,83,100,14.12,overcast clouds
456,Kiboga,UG,0.9161,31.7742,75.42,31,0,3.78,clear sky
457,Tevaitoa,PF,-16.7833,-151.5,81.43,69,3,10.58,clear sky
458,Muli,MV,2.9167,73.5667,81.54,74,95,13.76,overcast clouds
459,Zvishavane,ZW,-20.3267,30.0665,72.23,88,80,7.92,moderate rain
460,Honiara,SB,-9.4333,159.95,78.22,85,100,7.43,moderate rain
461,Kenai,US,60.5544,-151.2583,10.99,92,40,5.75,scattered clouds
462,Kruisfontein,ZA,-34.0033,24.7314,72.0,79,0,1.99,clear sky
463,Sioux Lookout,CA,50.1001,-91.917,-14.8,64,90,12.66,snow
464,Pangkalanbuun,ID,-2.6833,111.6167,75.18,97,100,3.0,light rain
465,Alegrete,BR,-29.7831,-55.7919,79.63,44,0,5.35,clear sky
466,Fukue,JP,32.6881,128.8419,55.94,66,0,13.15,clear sky
467,Marovoay,MG,-16.1,46.6333,82.4,74,40,5.75,scattered clouds
468,Basco,PH,20.4487,121.9702,73.98,87,96,20.02,overcast clouds
469,Jiuquan,CN,39.7432,98.5174,28.99,67,24,1.21,few clouds
470,Huanren,CN,41.2647,125.3667,16.52,94,86,3.85,overcast clouds
471,Aleksandrovsk-Sakhalinskiy,RU,50.8975,142.1561,-2.51,91,100,3.06,overcast clouds
472,Nador,MA,35.174,-2.9287,60.8,59,0,8.05,clear sky
473,Virginia Beach,US,36.8529,-75.978,53.6,26,20,5.75,few clouds
474,Lengshuijiang,CN,27.6881,111.4294,54.52,82,29,0.83,scattered clouds
475,Cuamba,MZ,-14.8031,36.5372,74.17,90,97,2.57,overcast clouds
476,Guiyang,CN,26.5833,106.7167,51.8,93,40,2.24,scattered clouds
477,Beloha,MG,-25.1667,45.05,78.91,78,8,7.02,clear sky
478,Bahir Dar,ET,11.5936,37.3908,67.26,26,56,10.36,broken clouds
479,Parry Sound,CA,45.3501,-80.033,19.99,86,100,18.86,light snow
480,Beira,MZ,-19.8436,34.8389,86.0,74,75,9.22,broken clouds
481,Mounana,GA,-1.4085,13.1586,84.2,74,20,4.61,moderate rain
482,Sovetskiy,RU,61.3614,63.5842,-3.78,92,100,12.24,snow
483,Wanning,CN,18.8003,110.3967,67.93,89,3,4.54,clear sky
484,Gorontalo,ID,0.5412,123.0595,74.79,88,96,3.18,overcast clouds
485,Sovetsk,RU,55.0839,21.8785,9.82,94,59,4.38,broken clouds
486,Bam,IR,29.106,58.357,60.15,27,0,7.7,clear sky
487,Sechura,PE,-5.5569,-80.8222,82.04,52,92,6.55,overcast clouds
488,Sabha,LY,27.0377,14.4283,68.72,22,43,6.96,scattered clouds
489,Matadi,CD,-5.8167,13.45,85.57,73,75,4.59,broken clouds
490,Bojnurd,IR,37.4747,57.329,41.0,93,90,4.61,overcast clouds
491,Fairbanks,US,64.8378,-147.7164,-9.4,77,90,1.01,light snow
492,Xining,CN,36.6167,101.7667,23.92,64,95,1.72,overcast clouds
493,Alta Floresta,BR,-9.8756,-56.0861,76.06,88,100,6.44,overcast clouds
494,Jiayuguan,CN,39.8167,98.3,27.48,69,13,1.19,few clouds
495,Pinos,MX,22.3,-101.5667,73.4,11,1,12.66,clear sky
496,Khandyga,RU,62.6667,135.6,-27.15,85,100,1.79,overcast clouds
497,Kasongo-Lunda,CD,-6.4667,16.8167,78.62,80,14,1.95,light rain
498,Svetlogorsk,BY,52.6333,29.7333,5.25,93,39,9.28,scattered clouds
499,Greencastle,US,39.6445,-86.8647,23.0,49,1,3.44,clear sky
500,Samarai,PG,-10.6167,150.6667,82.33,77,100,6.08,overcast clouds
501,Ixtapa,MX,20.7,-105.2,78.01,60,1,5.75,clear sky
502,Belmonte,BR,-15.8631,-38.8828,84.2,79,75,11.5,light rain
503,Ritchie,ZA,-29.038,24.6028,82.4,54,0,5.75,light rain
504,Flinders,AU,-34.5833,150.8552,64.99,87,0,1.01,clear sky
505,Chicama,PE,-7.8447,-79.1469,69.8,88,75,8.05,fog
506,Oyama,JP,36.3,139.8,51.01,81,20,3.44,few clouds
507,Lima,PE,-12.0432,-77.0282,77.0,69,0,6.91,clear sky
508,Sinnamary,GF,5.3833,-52.95,79.99,84,89,15.64,light rain
509,Severo-Yeniseyskiy,RU,60.3725,93.0408,13.59,96,100,12.12,light snow
510,Pisco,PE,-13.7,-76.2167,75.0,83,75,9.22,broken clouds
511,Port Hedland,AU,-20.3167,118.5667,78.8,78,40,6.91,scattered clouds
512,Likasi,CD,-10.9814,26.7333,67.98,94,86,5.01,moderate rain
513,Sheridan,US,44.8333,-106.9173,7.0,72,90,8.05,light snow
514,Balagansk,RU,54.0103,103.0544,3.34,91,100,4.23,overcast clouds
515,Yigou,CN,35.8114,114.3167,51.6,37,79,5.5,broken clouds
516,Sistranda,NO,63.7256,8.834,23.0,80,75,13.8,light snow
517,Salinas,US,36.6777,-121.6555,54.0,81,1,8.05,clear sky
518,Garissa,KE,-0.4536,39.6401,89.37,38,39,10.04,scattered clouds
519,Nocrich,RO,45.9,24.45,50.0,76,75,5.75,broken clouds
520,Olafsvik,IS,64.8945,-23.7142,36.0,78,100,17.52,overcast clouds
521,Seoul,KR,37.5683,126.9778,46.4,87,75,6.91,mist
522,Naco,MX,31.3347,-109.9483,54.0,30,0,4.0,clear sky
523,Kyra,RU,49.5776,111.9753,-7.47,83,30,3.2,light snow
524,Atherton,GB,53.5237,-2.4935,39.99,82,100,3.0,overcast clouds
525,Pyapon,MM,16.2833,95.6833,72.73,75,0,7.47,clear sky
526,Dalby,AU,-27.1833,151.2667,72.0,88,60,4.21,broken clouds
527,Nongan,CN,44.382,125.1685,-7.6,77,0,4.47,mist
528,Izazi,TZ,-7.2,35.7333,71.6,73,75,2.66,broken clouds
529,Medea,DZ,36.2642,2.7539,62.6,67,40,8.05,scattered clouds
530,Pishin,PK,30.5803,66.9961,49.69,38,13,1.12,few clouds
531,Santa Lucia Utatlan,GT,14.7667,-91.2667,73.0,40,0,6.04,clear sky
532,Prince Rupert,CA,54.3161,-130.3201,37.4,87,90,5.75,overcast clouds
533,Nuuk,GL,64.1835,-51.7216,28.4,43,1,4.61,clear sky
534,Turukhansk,RU,65.8167,87.9833,-5.75,91,100,17.05,light snow
535,Santa Catarina De Tepehuanes,MX,25.35,-105.7333,64.87,22,0,5.14,clear sky
536,Araouane,ML,18.9048,-3.5265,85.55,14,100,14.52,overcast clouds
537,Bealanana,MG,-14.55,48.7333,66.88,88,99,1.39,light rain
538,Presidencia Roque Saenz Pena,AR,-26.7852,-60.4388,93.94,21,0,5.12,clear sky
539,Pekan,MY,3.4836,103.3996,75.2,88,20,3.44,few clouds
540,Ayolas,PY,-27.4,-56.9,82.8,43,0,6.82,clear sky
541,Bafoulabe,ML,13.8065,-10.8321,96.71,9,70,10.78,broken clouds
542,Maneadero,MX,31.7167,-116.5667,57.99,72,0,1.01,clear sky
543,Bondo,CD,3.8146,23.6866,82.98,21,13,2.98,few clouds
544,Cockburn Town,TC,21.4612,-71.1419,82.4,65,40,18.41,scattered clouds
545,Gaoua,BF,10.2992,-3.2508,99.9,10,81,5.68,broken clouds
546,Dudinka,RU,69.4058,86.1778,-30.28,81,0,10.11,clear sky
547,Paamiut,GL,61.994,-49.6678,23.04,81,0,7.18,clear sky
548,Jalu,LY,29.0331,21.5482,66.58,30,55,8.43,broken clouds
549,Langsa,ID,4.4683,97.9683,74.77,89,77,2.46,broken clouds
550,Dera Bugti,PK,29.0307,69.151,60.76,30,0,3.49,clear sky
551,Plonsk,PL,52.6235,20.3755,17.01,67,0,10.36,clear sky
552,Vani,GE,42.0832,42.5216,48.2,66,20,6.91,light rain
553,Port Lincoln,AU,-34.7333,135.8667,60.62,82,78,13.58,broken clouds
554,Byron Bay,AU,-28.65,153.6167,69.8,94,96,1.81,overcast clouds
555,Borogontsy,RU,62.6683,131.1683,-36.17,81,100,1.48,overcast clouds
556,Asau,RO,46.4333,26.4,30.0,76,100,3.2,overcast clouds
557,Reconquista,AR,-29.15,-59.65,88.12,27,0,6.91,clear sky
558,Burnie,AU,-41.0667,145.9167,61.0,85,78,5.01,broken clouds
559,Merritt Island,US,28.5392,-80.672,73.4,68,75,4.92,broken clouds
560,Koungou,YT,-12.7336,45.2042,82.4,78,75,16.11,broken clouds
561,Broken Hill,AU,-31.95,141.4333,66.2,63,50,10.36,scattered clouds
562,Migori,KE,-1.0634,34.4731,67.93,70,45,2.08,scattered clouds
563,Rio Gallegos,AR,-51.6226,-69.2181,60.8,39,20,16.11,few clouds
564,Loubomo,CG,-4.1997,12.6739,79.68,87,83,4.27,light rain
565,Luba,GQ,3.4568,8.5547,82.69,72,94,5.91,overcast clouds
566,Kamloops,CA,50.6665,-120.3192,32.0,100,90,1.05,snow
567,Porbandar,IN,21.6422,69.6093,69.22,32,0,13.56,clear sky
568,Abu Kamal,SY,34.4506,40.9171,57.83,52,0,9.57,clear sky
569,Kismayo,SO,-0.3582,42.5454,77.07,83,8,16.02,clear sky
570,Wagar,SD,16.1525,36.2032,70.54,23,0,8.99,clear sky
571,Taltal,CL,-25.4,-70.4833,69.13,61,18,6.17,few clouds
572,Florianopolis,BR,-27.6146,-48.5012,84.0,44,0,13.8,clear sky
573,Nsanje,MW,-16.92,35.262,82.38,75,81,4.83,broken clouds
574,Huaiyin,CN,33.5886,119.0192,49.33,68,67,8.01,broken clouds
575,Birao,CF,10.2849,22.7882,75.27,19,68,7.18,broken clouds
576,Ocos,GT,14.5094,-92.1933,87.8,51,1,9.06,clear sky
577,Farah,AF,32.5,62.5,50.9,39,23,1.63,few clouds
578,Monroe,US,43.1501,-77.6831,25.0,79,75,16.11,light snow
579,Neiafu,TO,-18.65,-173.9833,78.8,94,75,13.8,very heavy rain
580,Athabasca,CA,54.7169,-113.2854,-31.0,67,94,1.14,overcast clouds
581,Omboue,GA,-1.5746,9.2618,81.0,85,99,7.56,light rain
582,Oussouye,SN,12.485,-16.5469,78.8,47,0,13.8,clear sky
583,Arbazh,RU,57.6804,48.3065,-4.79,91,100,10.54,light snow
584,Tanabe,JP,33.7333,135.3667,49.3,76,0,10.63,clear sky
585,Irinjalakuda,IN,10.3333,76.2333,78.8,83,31,1.74,haze
586,Nipawin,CA,53.3668,-104.0009,-27.4,68,1,8.05,clear sky
587,Hovd,MN,48.0056,91.6419,10.9,90,87,2.06,overcast clouds
588,Harper,LR,4.375,-7.7169,82.92,75,45,9.33,scattered clouds
589,Pinawa,CA,50.1489,-95.8811,-20.07,85,100,12.26,overcast clouds
590,Saint-Raymond,CA,45.467,-73.6095,25.0,63,79,5.75,broken clouds
591,Voh,NC,-20.9667,164.7,73.38,85,21,2.24,few clouds
592,Bocana De Paiwas,NI,12.7857,-85.1227,83.86,62,96,6.53,overcast clouds
593,Charters Towers,AU,-20.1,146.2667,74.98,88,98,7.36,overcast clouds
594,Tacoronte,ES,28.4769,-16.4102,59.0,93,75,23.02,broken clouds
595,Chifeng,CN,42.2683,118.9636,9.55,91,95,3.13,overcast clouds
596,Half Moon Bay,US,37.4636,-122.4286,54.0,100,1,3.44,mist
597,Halifax,CA,44.6453,-63.5724,44.01,75,81,23.02,broken clouds
598,Najran,SA,17.4924,44.1277,77.0,29,40,9.22,scattered clouds
599,Siirt,TR,37.9326,41.9403,43.63,61,0,2.21,clear sky
600,Shingu,JP,33.7333,135.9833,45.0,78,0,6.46,clear sky
601,Kumba,CM,4.6363,9.4469,86.58,55,35,5.28,scattered clouds
602,Lodja,CD,-3.4833,23.4333,72.55,85,84,2.44,light rain
603,Bossangoa,CF,6.4926,17.4552,87.39,16,42,4.14,scattered clouds
604,Candido De Abreu,BR,-24.5669,-51.3333,84.4,36,0,3.67,clear sky
605,Savannah Bight,HN,16.45,-85.85,84.2,65,1,10.38,clear sky
606,Buchanan,LR,5.8808,-10.0467,80.6,78,75,3.44,broken clouds
607,Goderich,CA,43.7501,-81.7165,17.6,67,100,24.16,overcast clouds
608,Galveston,US,29.3669,-94.9669,57.2,82,90,12.66,overcast clouds
609,Nyurba,RU,63.2842,118.3319,-33.12,84,84,1.86,broken clouds
610,Otjimbingwe,NA,-22.35,16.1333,90.09,24,22,21.81,few clouds
611,Algiers,DZ,36.7525,3.042,62.6,67,40,8.05,scattered clouds
612,Jiaonan,CN,35.8786,119.9753,48.0,56,0,2.24,clear sky
613,Sorland,NO,67.667,12.6934,34.81,83,100,25.72,overcast clouds
614,Aksha,RU,50.2814,113.2867,-4.56,86,69,4.09,light snow
615,Palatka,US,29.6486,-81.6376,62.01,84,91,5.01,overcast clouds
616,Kapiri Mposhi,ZM,-13.9652,28.6809,68.58,94,70,3.74,moderate rain
617,Kushiro,JP,42.975,144.3747,26.55,98,95,8.72,overcast clouds
618,Jinxiang,CN,27.4327,120.6062,56.64,84,93,4.61,overcast clouds
619,Vestmannaeyjar,IS,63.4427,-20.2734,35.6,87,40,31.07,scattered clouds
620,Rangia,IN,26.4667,91.6333,60.8,67,40,5.23,haze
621,Malinovoye Ozero,RU,51.6753,79.7825,26.89,93,14,14.74,few clouds
622,Meadow Lake,US,34.8014,-106.5436,46.0,33,1,10.36,clear sky
623,Morro Bay,US,35.3658,-120.8499,62.6,39,1,12.66,clear sky
624,Richards Bay,ZA,-28.783,32.0377,76.53,78,26,9.35,scattered clouds
625,Mingaora,PK,34.7758,72.3625,48.52,44,0,4.81,clear sky
626,Christchurch,NZ,-43.5333,172.6333,60.01,82,90,6.91,overcast clouds
627,Bilma,NE,18.6853,12.9164,73.09,19,31,7.36,scattered clouds
628,Charleston,US,32.7766,-79.9309,52.0,81,90,9.22,overcast clouds
629,Mairwa,IN,26.2333,84.15,56.35,63,0,4.9,clear sky
630,Pravia,ES,43.4906,-6.1508,51.01,76,75,3.44,broken clouds
631,Normandin,CA,48.8333,-72.5321,23.0,68,99,13.8,overcast clouds
632,Antequera,ES,37.0194,-4.5612,64.4,48,20,6.91,few clouds
633,Vao,NC,-22.6667,167.4833,77.2,87,1,8.08,clear sky
634,Padang,ID,-0.9492,100.3543,75.2,88,20,2.3,few clouds
635,Mount Isa,AU,-20.7333,139.5,73.4,100,40,6.91,moderate rain
636,Puerto Carreno,CO,6.189,-67.4859,95.85,35,98,10.76,overcast clouds
637,Yaksatovo,RU,46.2434,48.0151,26.6,59,0,8.95,clear sky
638,Molina,CL,-35.1167,-71.2833,64.4,82,90,5.75,overcast clouds
639,Pilar,BR,-9.5972,-35.9567,89.6,62,20,14.97,few clouds
640,Jizan,SA,17.3333,42.6667,78.8,61,20,5.75,few clouds
641,Amahai,ID,-3.3333,128.9167,79.36,81,100,4.27,light rain
642,Meulaboh,ID,4.1363,96.1285,79.48,81,63,3.36,broken clouds
643,Mankono,CI,8.0586,-6.1897,97.68,25,97,4.81,overcast clouds
644,Ndele,CF,8.4109,20.6473,81.66,16,63,5.39,broken clouds
645,Muroto,JP,33.2833,134.15,53.35,70,0,5.26,clear sky
646,Jieshi,CN,22.8134,115.8257,65.1,79,0,4.03,clear sky
647,Mingyue,CN,43.1069,128.9217,6.49,90,62,4.74,broken clouds
648,Vega De Alatorre,MX,20.0333,-96.6333,76.66,73,6,6.24,clear sky
649,Kiama,AU,-34.6833,150.8667,64.99,81,0,3.0,clear sky
650,Iskateley,RU,67.6803,53.1512,-25.35,85,54,12.39,broken clouds
651,Galle,LK,6.0367,80.217,78.67,82,94,6.26,overcast clouds
652,Ikom,NG,5.9667,8.7063,96.12,15,0,3.76,clear sky
653,Dhidhdhoo,MV,6.8833,73.1,81.91,76,63,11.21,broken clouds
654,Banda Aceh,ID,5.5577,95.3222,78.67,83,46,7.87,scattered clouds
655,Lardos,GR,36.0942,28.0157,60.8,82,75,2.3,broken clouds
656,Chilca,PE,-12.5211,-76.7372,77.0,69,0,6.91,clear sky
657,San-Pedro,CI,4.7485,-6.6363,83.08,77,47,9.19,scattered clouds
658,Vokhma,RU,58.9303,46.7586,-6.3,90,100,10.31,light snow
659,Valenca,BR,-13.3703,-39.0731,89.76,50,98,7.85,overcast clouds
660,Skibotn,NO,69.3913,20.2679,26.6,80,75,6.91,light snow
661,Hadishahr,AZ,38.8431,45.6635,37.4,81,20,9.22,few clouds
662,Kautokeino,NO,69.0125,23.0412,12.16,93,74,6.69,broken clouds
663,Maningrida,AU,-12.0667,134.2667,77.22,83,100,10.78,overcast clouds
664,Riyadh,SA,24.6877,46.7219,64.4,55,20,9.22,few clouds
665,Mattru,SL,7.6244,-11.8332,95.05,32,60,6.08,broken clouds
666,Orbetello,IT,42.4408,11.2196,59.0,93,90,23.02,fog
667,Constitucion,CL,-35.3333,-72.4167,65.08,71,84,4.18,broken clouds
668,Alamos,MX,27.0167,-108.9333,74.88,21,0,2.68,clear sky
669,Biankouma,CI,7.7391,-7.6138,91.38,29,79,2.8,broken clouds
